user_id,gender,no_of_days,no_of_calls,enrolled,age
82238717,Male,24.502540577030402,1.9365801435015153,1,69
75264736,Male,12.734882115536305,1.4488195839244469,0,18
65851203,Female,15.594055864936461,2.782494460105968,0,39
50811194,Male,3.270348507383636,4.791916737753162,0,22
79334402,Male,15.335051453732175,5.200419368596367,0,45
59155306,Female,6.959349737411387,5.094776065114008,0,51
88327899,Male,18.294861361646774,5.996015553191775,0,67
44574572,Male,11.268793435600568,4.051396950553833,0,27
23932190,Male,11.160686183235534,7.280023255177847,1,33
91097642,Female,14.266583934633266,5.016017104318862,0,63
16586315,Male,3.0285727498139847,5.50651534248369,0,43
16968171,Female,5.3017007025354745,2.5988130332988275,0,24
70398458,Male,16.290956473362186,2.831506704520824,0,46
14751859,Female,0.48266935187202376,1.393851844720386,0,79
12933620,Female,21.46295487722456,3.375313670056883,0,18
20174017,Male,9.366895831716338,6.671579014607457,0,33
86606870,Female,0.7910262132136541,10.783418044446321,0,27
30172853,Male,0.6719287566742839,4.285260791268424,0,61
40738160,Female,0.9543639173258751,7.409467815347307,1,37
79597402,Female,29.705167745784273,6.462943162456174,1,56
63904925,Male,7.229436697141048,8.014526389923105,1,64
91766955,Male,2.4881657806914887,8.233806989801378,1,28
43807141,Female,3.4623149851254906,0.7262794260191225,1,46
16288914,Male,31.89699806026057,8.06398077700579,1,55
26054023,Male,25.141544976477416,3.422836493733993,1,46
13316870,Male,5.021167064269351,2.4327488217313373,0,64
12043625,Male,22.965387995422763,1.5966877212321102,0,23
77894992,Male,30.678443445933617,5.606506012766,1,60
96545188,Male,26.69522743062896,0.12184081114704604,1,45
59224036,Male,16.517079398979206,2.014248235552494,0,59
63442576,Female,26.807325398741142,2.3978207130144935,1,77
84686741,Female,17.67162474705065,7.606169991521877,1,33
91970086,Male,15.825480228080847,6.065371868129119,0,20
54591248,Female,25.75291878215806,4.733049339294486,1,72
47799233,Male,16.065592215593053,0.03131137561812403,0,79
27585852,Female,3.8754040850573177,2.5328873880177296,0,47
62184358,Male,20.07210953010582,4.092761199802686,0,61
48378376,Female,7.649173088844467,7.554745276227073,1,21
83399533,Female,2.988672781273252,7.17407984973036,1,20
62125285,Female,23.534892177099177,8.38180490056427,1,49
42049742,Female,26.234948844459655,8.26543674908876,1,58
20105597,Male,24.83378240397693,3.519498625421303,1,31
31776993,Female,1.5933566798792027,3.6463064716038276,0,37
93960023,Male,26.87144125336484,0.9519212194212905,1,65
14756016,Male,23.319602983897095,3.33399235445541,1,63
63729108,Male,13.244236459991804,7.945764850669881,1,51
61642688,Male,30.80040105298454,4.075179976114942,1,60
89971666,Female,1.514892949754843,2.0021379017204386,0,26
17717974,Female,13.009378535053123,4.180894977011145,0,47
63426039,Female,23.76336242640855,5.808621460824792,0,72
70126632,Male,30.466440958086476,10.55244633092536,1,32
49870717,Female,31.518179565306788,1.8528176014178501,1,71
22489329,Male,9.018210184617656,0.4077615487205606,0,77
14374191,Male,5.516400808920614,9.503417835418325,0,37
89922839,Female,18.650449127433117,3.7510085576298833,0,61
87306106,Male,6.111507339619074,6.680785230346185,1,30
71066695,Male,27.999905750803897,6.53472964073211,1,61
58517192,Male,2.468881795424787,8.085919104486662,1,67
22300289,Female,11.74680515458552,9.021467084600902,1,19
44668473,Male,23.417777029533394,3.4029796356529234,0,66
15884751,Female,14.598195406162151,1.8059148769886284,0,68
94221997,Male,15.549132046978325,1.352174219299399,0,36
45031200,Male,26.18267895764505,1.0023527737096813,1,58
35254341,Male,24.613987315132462,7.715544386798145,1,52
11913552,Male,24.46733357958075,7.005459923447474,1,76
72903304,Male,20.884214018420735,3.0134016203106246,0,36
72035938,Male,25.47921797581341,1.699619714581173,0,65
36908970,Female,5.635715150533964,10.149813061743528,1,51
84296542,Female,12.86785894862876,5.288071259728349,1,50
35216903,Female,14.60970849245518,9.190718909848966,1,39
72182021,Male,22.693958256825116,6.689421417570767,1,33
90369710,Male,3.410194758356181,3.6018375845966255,0,71
52239765,Male,6.111014151355924,8.255196422549727,1,51
48173425,Female,23.712076942941167,9.171870748686025,1,68
83146844,Female,16.429600946265797,10.779505097666073,1,20
62298708,Male,7.02187771759735,5.715003960980543,1,57
84375449,Male,12.09315426093715,2.0604599559882537,0,79
36154427,Male,1.078371722672516,8.532747297148148,1,55
69477745,Female,23.613975185534656,8.454143393231657,1,32
84619908,Female,23.830183108076092,9.031311506226325,1,74
24613932,Female,24.52696829754424,0.5731576346780217,1,52
64693217,Male,33.02358128525185,8.335249546573564,1,33
79433545,Female,26.21474623680311,1.3733746251152936,1,61
84870717,Female,28.326876316775344,12.063229180141676,1,69
64928161,Female,18.153338498137476,4.1731889049139,0,43
94024124,Male,5.453361272516638,4.17810359711267,0,63
46723172,Female,8.284962988693701,5.909447772362702,0,78
33915385,Male,33.15932889000463,2.712003431975436,1,29
45786496,Male,7.469157542175073,7.926190861539455,1,79
98156131,Male,33.91281459199902,8.741616271567768,1,69
83684184,Female,20.41981544799191,3.949973107983359,0,33
57420916,Male,20.135460456334865,4.993775579939877,0,36
45371113,Male,15.95419093173835,5.031483156419807,0,35
55107902,Female,15.445699745926488,7.754097585470074,0,44
89733169,Male,25.39831772153318,0.5766320568536429,1,48
70593454,Female,16.898015783819687,6.918945839477881,0,28
42784639,Male,18.385986656334783,10.069919379524066,1,78
72964808,Female,6.099777957566006,3.743278894362879,0,50
77343024,Male,7.545341345286975,9.098312949329891,1,65
22192508,Female,20.936075947818317,2.150314539859864,0,32
26474192,Female,12.019429782097712,3.173948861525677,0,46
72497756,Male,10.082216495837304,4.687571308835096,0,50
60023040,Female,0.1299704060722351,6.906356656934746,1,28
58141136,Male,14.686379843940827,10.761888679496414,1,68
38469230,Male,20.50837841814864,8.210605276649646,1,29
44923711,Male,12.731882009466219,2.6338231113915453,1,53
99337578,Male,32.509265870762235,3.7047124268972413,1,69
16097635,Female,18.36073274251629,1.4997658702886079,0,48
76838333,Male,11.085217670279057,8.994249707661782,1,62
75258367,Female,27.57850027593611,2.2775323186860073,1,72
50553231,Male,28.39440040551891,3.4283507667232858,1,21
73828995,Male,23.020325567353293,7.71628125724836,1,61
57447255,Male,13.717143254940723,3.878264146317426,0,30
21869710,Female,16.3144434828405,0.476669209537798,0,56
80187336,Male,12.567193503427646,4.26446713492742,0,72
90073961,Female,25.20680579356145,1.0172046316602044,1,65
89097188,Male,12.839470071335565,9.0077823525594,1,58
98717840,Male,4.044865493752111,8.730233717670073,1,50
13919745,Female,21.682777204747307,7.575515601366386,1,76
94353899,Male,24.129110583704698,9.829229955639514,0,44
46103923,Male,30.435936275747853,10.244821161999173,1,35
66169675,Male,25.33110819045677,6.285349760566139,1,79
64537123,Female,13.534193922000036,4.373983213863986,0,54
20444895,Female,22.5701986661012,6.1027160012136195,0,62
84404230,Male,10.033827046466692,5.099441940306932,0,23
29917918,Male,7.901317089831332,2.250871571335787,0,66
36335508,Female,22.272219814636678,8.588866243235504,1,64
51455109,Male,18.3486451213014,3.737585276252906,0,26
25752145,Male,18.74393207129681,6.502008386073906,1,20
96142720,Male,6.237727300992682,5.696257540857631,0,44
14972942,Male,19.719206673345788,1.403873924842551,0,20
16504000,Female,22.589624737215953,0.6675680611793454,0,71
65900704,Female,7.183109841878953,4.680419682349637,0,43
27941705,Male,23.680789665264705,6.819807078239131,1,63
89722558,Male,11.61944385599096,8.814361143748723,1,74
64227982,Male,2.577256651872857,5.85289481656609,0,57
90898415,Female,2.665466621266388,4.8591642353603275,0,19
20227705,Female,7.821816396595861,8.116984590872722,1,63
59119125,Male,13.031920531733762,0.5383066988703173,0,24
22473921,Female,2.081154449991039,3.6136008897647183,0,38
72235895,Female,1.3694533178408919,4.4162852291339565,0,27
59519008,Female,9.824941941352629,0.4275330882081807,1,21
56721300,Female,26.508900299787033,5.736917687027537,1,45
19456202,Male,24.224481194036215,3.6116149335019068,1,43
46224691,Male,18.81580755954138,4.418189086627866,0,67
30036750,Female,19.90851360103884,5.5726355187818095,0,71
71067631,Female,0.14351529718844488,7.5928986899797515,1,65
68023224,Male,2.7627803866709644,8.467663630105912,1,31
89185403,Male,30.41408627436558,1.9416923387501681,1,19
12090229,Female,14.398468070544487,4.2733766122473416,0,44
87653475,Female,20.98993469680173,0.7602336560755809,0,21
86884195,Female,28.197612449783357,1.1867626390393462,1,32
81510570,Female,3.2931733210292444,1.9746654482608945,0,30
75221067,Male,19.833640183674305,0.6109776946308829,0,37
33637805,Female,15.529671887729904,5.260034996473918,0,36
98765168,Male,19.528486967145657,4.599485876064671,0,66
86001299,Male,23.59530539548227,1.7318885669524906,1,68
32808943,Male,17.661207916273195,4.099310293871772,0,69
94537821,Male,31.88502090794181,8.04181560592244,1,67
62169368,Male,30.791518660544405,8.337913619585013,1,25
60790555,Male,22.5804182047253,7.185785767858046,1,73
74441798,Male,22.833569887926405,9.000393258282758,1,72
10715062,Female,31.56296067929336,3.5694815691447457,1,36
52286734,Female,29.59409289111747,8.038328745910526,1,38
66275904,Male,23.359532115408932,11.923692938070607,1,58
74228122,Male,18.737756611916947,1.9559146208680542,0,68
14484951,Female,5.033733135867267,11.996251554906875,1,35
55496071,Male,10.076872336828641,8.713734473714242,1,33
54914854,Female,26.284564687255507,5.62240489268538,1,78
24309419,Male,2.558795706004645,5.503727893792479,0,58
37729753,Male,22.055179682046212,2.4470757554334472,0,53
63167819,Male,18.888077514606948,2.6804970528784944,0,37
43634855,Female,6.6061606622255304,1.5627625124673823,0,52
19739869,Male,27.714020670285883,4.47927124072527,1,78
85251512,Male,1.0066725732863198,2.6635003313050682,1,38
94296426,Male,26.44521426243182,0.18003494134825537,1,43
19385704,Female,28.944157189876126,4.485696184779015,1,31
77442629,Female,8.332496388217947,6.384787348568777,0,26
16659215,Male,11.584376918016503,7.276981279196814,1,41
97718374,Female,13.825566744490086,9.227304855681819,1,67
50830641,Male,18.76299249583159,5.616967018219244,0,52
51550787,Female,13.783049261885765,1.903997441769965,0,46
65622321,Female,2.54708196606824,7.196596139601225,1,63
21364942,Male,9.776917657544498,0.040889911427910874,0,61
67930456,Female,22.00795365611144,6.6181259730411,0,42
79489260,Female,10.285954090302818,7.531240011421108,1,22
24886409,Female,15.699343154978491,3.112157024732893,0,28
61911029,Female,11.380147240745682,1.1944042083098763,0,43
63329424,Male,16.792369553742216,6.468429408956625,1,31
85701179,Female,11.563949689465714,5.660143458858089,0,46
18087290,Female,3.7103088929463337,5.526615727321332,0,45
45391898,Female,3.828306886064294,6.754336376393254,1,74
60982134,Male,14.4406223604445,4.666974380435845,0,43
30955281,Female,15.016254691590943,0.843539653313744,0,50
46269898,Male,18.854528845095402,6.445148507788851,0,50
77342153,Male,21.530937167373924,1.6040729212603906,0,65
96936512,Female,16.463447095178694,6.105366442790803,1,58
67182999,Female,28.351152829134836,3.976226569866717,1,30
76644168,Male,24.433791740709715,6.286110897187573,1,74
51695854,Male,23.309052373663654,6.458545507774637,1,53
14510511,Male,29.683145881397756,6.177333621240282,1,62
71772026,Male,10.19336275341568,3.137950999099319,0,45
88615164,Male,24.542146834304294,4.3671362534441265,1,31
60351579,Female,12.750291335210354,8.115997751710571,1,59
56933661,Female,19.553009803691513,4.489404391618079,0,72
74862103,Male,4.834784019411103,3.8594697866339014,0,66
91877559,Female,24.59910507292051,5.662665887539883,1,52
11475537,Female,22.88689787235335,1.110243326904747,0,37
98283047,Female,3.0860529738939912,4.637434167400721,1,67
48232361,Female,19.202457608412317,2.7353011430923027,0,28
69431870,Female,25.42513576154127,4.857268522769672,1,42
15504793,Female,17.885392091178296,5.958716407512919,0,32
12559597,Female,28.33527986570479,6.380467776536755,1,48
25414722,Male,17.647789284341094,5.475053139737865,0,18
93191488,Female,0.2579673816857617,3.8744183324413957,0,38
58924644,Male,26.391395001005897,1.2300605926877075,1,28
43096338,Female,20.892383961718316,8.92277989916511,1,63
99550043,Female,28.383828669896975,0.024993386651841698,1,39
55149644,Female,17.342419422672126,9.239807048825973,1,33
34266692,Male,11.305015547190187,5.760150608809015,0,26
64128132,Male,30.41605825122599,9.029269323423264,1,66
97459488,Female,31.641946361496203,1.3879431812555307,1,64
88724438,Female,12.0559708785186,8.502057156303733,1,56
81444148,Male,15.85759678390834,5.144229876661931,1,58
74268546,Female,1.3776451848180837,3.272752762504913,0,76
36570984,Female,15.844800941985513,9.227628536731755,1,75
91329039,Female,34.121469664289364,0.3215420222198353,1,45
12694548,Female,11.385276703015068,11.479115535136419,1,70
60688224,Female,18.914274212248067,8.19544427035545,0,23
37836391,Male,25.147249286484577,4.375462424914618,1,72
76064579,Male,26.296037680240552,1.540852934181615,1,62
38421609,Male,3.8548383002970463,7.2391657559815705,1,37
44788913,Male,9.124674207966859,4.7400123230535725,0,61
90868857,Female,12.708870772572135,1.006139583909263,0,40
45268493,Female,21.047205951915437,2.4107421174439834,0,19
23727085,Female,9.075387825654115,1.7391947222463546,0,31
21202304,Female,3.4732149021962044,9.164073328296833,1,67
11949103,Male,12.659728840825997,4.64352838651758,0,73
11360349,Male,18.04801155988808,3.805706865522149,1,78
57556702,Male,17.264392378358245,5.562949602567988,0,63
66798906,Male,12.837478395536937,3.0320214412925344,0,76
45129354,Female,31.23773818247853,9.37201773719107,1,42
14621002,Male,14.307096357802067,0.05362267595808479,0,46
22633993,Male,23.550740685006517,8.408716837550813,1,72
69667764,Female,4.08969072352111,10.368040737777434,1,22
49329281,Male,4.627281898709567,5.009774003900444,0,62
22290345,Female,1.4829401024002258,9.126483082133939,1,30
56238273,Male,5.647740237922564,6.780207609481558,0,48
44171859,Male,14.707907905405817,6.546570328910154,1,78
85876451,Male,4.377377315326871,3.1024334694544726,0,63
38278850,Male,26.292258021896778,4.991228282648703,1,68
74123701,Female,12.567760083272285,5.193253127961244,1,27
33491510,Female,12.666113027540922,1.5911170093503153,0,50
25179296,Female,28.551643752061103,0.9038270018515999,1,63
69138920,Female,11.492803224119152,10.12253036653685,1,54
12228259,Male,29.02898416801232,4.5309428191148395,1,36
71684895,Male,32.60595327348023,6.418729061107988,0,22
86979827,Female,20.499049929014408,5.8655000566267415,0,61
71260030,Female,9.313913947052644,2.8890492002932007,0,70
77783763,Female,3.7949486604876688,11.048634927210056,1,50
19282504,Female,9.007034988475715,7.596669524450072,1,36
95191889,Female,25.276580668044648,5.908960232562413,0,26
54185985,Male,11.603505311433954,0.872082561244404,0,64
81238009,Female,22.514524234514905,6.255265869909085,1,43
13299817,Female,32.599349656999216,9.199850146169013,1,58
83476350,Female,27.526054792898346,7.876192313916566,1,54
82162739,Male,11.989679073936536,9.27325558647769,1,73
31141812,Female,17.780637339366105,1.3914418003565225,0,29
92304275,Female,20.17215361099574,4.201940873472252,0,78
17948730,Female,25.07336740538041,0.6451603635451773,1,65
13526625,Male,20.430854210235726,3.2165219564889007,0,52
47520535,Female,0.04678975138964381,4.353153705104745,0,57
29790233,Female,26.930017719485193,1.6753897515214067,1,37
25079946,Female,13.227452793398097,4.4602580571780726,1,31
41232151,Male,6.668099992923327,3.565054376430028,0,56
32068823,Female,10.759048851351219,2.1636239051384125,0,52
72890489,Female,13.344835552116882,0.24140776797441565,0,25
97766811,Female,26.108401219364744,4.101999851593591,1,60
22172588,Male,26.82355850934839,1.1064234300399183,1,58
94313169,Male,25.85174990191527,7.234899686737594,1,50
56131241,Female,6.989966621616166,9.884415379687967,1,41
61309461,Female,24.694882195829294,4.2023172440285155,1,23
28718396,Female,29.813329328689576,7.813694735190925,1,79
19997761,Female,24.343115675985388,1.5530256406116987,1,37
95755495,Female,17.3188557928649,0.34114667886470285,0,43
19364088,Male,0.4588091460873036,4.955222659695003,0,50
40622710,Female,32.84865125654779,3.6426600714996233,1,21
62537862,Female,23.216535230069507,9.85290987055544,1,61
68875362,Female,14.94332689088146,7.693471118922066,1,25
74782730,Female,8.454260385556415,4.766081611105965,0,42
62556006,Female,28.74813333070381,9.988927491596215,0,64
87820080,Female,18.639079403594895,10.73291398793059,0,30
24295451,Female,28.931475537902376,5.285796587354116,0,73
75764877,Male,29.66686396535433,7.4223861538287075,1,65
48473313,Female,10.856726296474546,1.0573898773500219,0,60
90434066,Male,13.565682747175249,2.111597780890482,0,79
96131706,Male,24.962236670346527,7.0358674486078865,1,54
65953510,Male,7.020755249911123,9.056213177581332,1,71
43043699,Female,18.516159741296793,0.30786311228343477,0,58
86688396,Male,10.867910247691533,3.461977775812464,0,26
10684755,Male,11.21804218507461,5.386204651616628,0,33
89646622,Male,19.160009584224472,10.179592619282626,1,49
97071819,Male,2.2005362018988373,4.045525160384352,0,26
96568393,Female,0.6222459485227159,10.58894434266439,1,49
22780909,Male,16.28072690606637,4.568215647115511,0,67
74503494,Male,1.5714541123663215,4.757548583342982,0,44
83308752,Female,12.642622282348984,5.476683733544537,0,27
87094841,Female,29.360647001510802,4.033204690079355,0,55
76636962,Male,22.44601074015516,10.574536732530898,1,44
71347747,Male,10.538641746396307,11.028694580295868,1,64
80022984,Female,13.411170731151133,0.6908177208682595,0,52
16416276,Female,7.330647126213327,3.891475916740757,1,46
26870635,Male,25.99858360025153,2.2190861572352674,0,65
16220902,Female,18.214921821388973,7.9734553960542005,1,30
56727618,Female,16.241891831748053,1.3186910723930887,0,70
40989518,Female,1.0729620386775935,6.751236715609638,0,45
19742554,Male,23.49554016661317,8.878682988674697,1,52
96916638,Male,19.753856171731364,9.705916596682185,1,33
18238495,Female,13.013569372495047,1.2873829480857644,0,73
56871835,Female,14.291793101023064,6.83955954904687,0,56
66715574,Male,25.658699368988422,1.6411757513970229,1,37
70079796,Female,5.509713250168911,2.790231626038549,0,69
55719839,Female,30.69556106329558,5.358291166960543,1,53
56676732,Female,32.25452183115179,9.480160491987432,1,57
63156955,Female,22.118883564210513,6.369983196640364,0,72
23742643,Male,18.862808169954832,9.128678969202833,1,67
31107182,Male,22.7330133894746,4.05718877406315,0,65
60351377,Male,8.985253793071962,11.304590675829804,1,76
53630399,Male,2.208689086278252,8.314274495845428,1,35
31397219,Male,0.9776799672492946,0.35373514545641915,0,37
70917908,Male,11.039636351703747,0.25881404914032535,0,55
13044875,Female,28.66928325826873,8.44952406083256,1,74
40529201,Female,26.644102198578736,8.13274735906705,1,20
50817547,Female,33.61311103570242,3.8100463240373226,1,38
31133186,Female,25.247383775689276,6.382059525174595,1,46
74806858,Female,19.941431098968344,9.27575108427002,1,61
11268819,Male,3.7379572813573767,10.478177776305417,1,77
22844694,Male,15.128875146980295,10.996917843779634,1,56
78283721,Male,0.9683216410239681,2.1063759823888906,0,31
50320550,Male,17.06167047180067,9.039401786282127,1,58
17559469,Male,20.23942054526565,9.69001250643783,1,34
62833622,Male,22.6025549202222,4.428669068157604,0,73
48488555,Female,9.147075575225585,5.569460875455943,0,48
19076837,Male,8.246778187932566,7.792067902648946,1,44
74111786,Female,13.763116760429746,2.968139754651952,0,49
22718433,Male,18.447661645235826,3.774000304350383,0,25
61055197,Male,7.176963363776126,7.134764765372317,1,37
23728189,Male,1.9348560062480382,8.629553008633625,0,45
39751743,Male,16.71188900904832,2.9623260607400295,1,79
18135460,Male,18.57607155743239,2.6914011979206602,0,36
72191879,Male,9.373039353623891,0.9210274682267002,1,60
69948964,Female,17.50549612878698,0.6600771736184092,0,50
12405608,Male,34.600301700573404,6.89821569377944,1,66
90473415,Male,17.568515172133125,8.26325199298531,1,60
31501505,Female,7.200093953106963,8.148496132347917,1,39
60212410,Female,30.80443258261124,2.9314091109825258,1,27
99022234,Female,27.650537274608595,9.632305065010065,1,62
81592473,Male,25.838242145759956,8.799143613525949,1,79
28775649,Female,12.722115802692798,7.337738520371816,1,57
23171211,Female,17.932097647366945,0.37945822059570344,0,69
54764469,Male,30.376399626753983,5.796736873605854,1,76
20066617,Female,19.672044704425513,3.543126981996627,0,50
17799623,Male,27.265052870502803,4.988615612187285,1,44
24546132,Male,20.944197433621582,7.3000824113339995,0,49
14728764,Female,13.354698313194657,11.236995566957871,1,26
14918321,Male,13.5993310470555,10.686553250073821,1,38
31710424,Male,6.479958167761304,6.912567868193771,0,78
58396251,Female,17.24356732005412,2.895569133778371,0,24
31586270,Female,7.184664625894474,3.980976016335467,0,43
47874249,Female,30.987959052336095,6.531742568082767,1,57
35963655,Female,7.696622703492193,9.006272069343657,1,57
25405380,Female,19.033851967372886,8.31449787151731,1,66
93704965,Male,0.7736335367964209,2.108833368508284,1,76
10425574,Female,21.337699659638837,6.10285938158532,0,76
82608007,Female,23.77001789248099,5.323483193968208,0,36
39257578,Male,5.2574272216102695,5.448513925227422,0,31
92773710,Female,16.57353699251479,5.335056089901709,0,32
34812584,Female,3.662434846282211,3.2900972191253697,0,73
30346969,Female,2.373069338632399,7.783601270005225,1,68
54485867,Female,28.49978271349783,6.447390475136255,1,61
25078706,Female,1.417689966861617,3.4949271581218864,0,18
46882246,Male,9.759774773797782,9.507169658990431,1,56
41425026,Female,26.758535120065627,4.070666903541163,1,59
27283814,Female,18.329337725907827,0.8551871003794402,0,50
83114686,Female,13.552579923456136,11.171560568124024,1,66
12540565,Female,19.16042614989761,6.392450309935909,1,45
33600452,Female,22.9567234432351,2.054755965979413,0,42
35628416,Male,8.843679231205174,6.158780608884642,0,36
27544827,Female,7.458572711643179,9.180058964139201,1,67
28492649,Female,4.047814434654282,8.454000167935364,1,57
13064431,Female,14.74310686106425,4.433258406902306,0,49
99876297,Male,22.963246785961857,8.856581165681101,1,18
47528368,Female,21.30386267379971,8.41156483506205,1,50
21555007,Female,4.544111913831681,0.8220025217188152,0,45
96932956,Male,20.686770286913973,3.2798484217031967,0,49
23628850,Female,27.172237611500165,11.38846929529137,1,18
43462336,Female,13.679723340191595,9.143649158874508,1,20
52932946,Male,22.932622606147774,2.173248362383224,0,72
91859238,Female,10.605220191223385,9.524971014446999,1,43
66682575,Male,18.688882030351323,7.714862122628206,1,30
38099400,Female,20.996033742979897,2.3216308622639734,0,42
74862688,Male,2.766046323816007,5.8963944270755455,0,71
85869152,Male,30.355348193098628,1.206509901624226,1,76
60106755,Male,24.678063852115354,7.872473499521011,1,56
67566710,Male,21.584184832087256,0.1655888728854169,0,63
61029670,Female,25.89184751290712,1.1928589297285583,1,54
97210797,Female,6.015897066101843,3.4567614093549173,0,41
88349761,Male,28.251367918844494,4.9930203035112335,1,18
57155976,Female,16.001830395462314,9.961054101690754,1,25
28199791,Female,28.928968308157504,6.04060014667836,1,68
26913076,Male,16.172301883955594,6.49266662278884,1,30
27457749,Male,6.142064709891118,1.6750056398024502,0,32
84971287,Female,7.926635008376234,6.001548534807082,1,66
83726029,Female,27.418877138052146,3.3065821399275928,1,25
33817895,Male,5.682278644186519,1.6020588725989338,0,69
23901585,Male,4.602175005323643,7.499518530434202,1,19
90095132,Female,25.54305999233244,4.429915966452482,1,59
28660338,Male,27.138326512807406,6.16859923046805,1,63
68076768,Male,5.260855678689776,2.9380562509997006,0,32
78780516,Male,3.9279627390998,3.2874541035713185,0,73
71966757,Female,24.14252604100032,4.421318218590432,1,47
39106943,Female,28.642698400219228,1.2369620932199314,1,27
37311256,Male,18.809212389155125,9.136268321904959,0,73
19228511,Female,14.369105926762552,7.367868604302767,1,64
97310980,Male,0.40076150733099536,1.9056153770819875,0,24
33803884,Female,17.97527843927961,6.040390414711823,1,55
99607972,Female,22.51263866831964,1.730029135762177,0,47
46833745,Male,24.8134674219981,2.6189527665346315,0,26
61089093,Female,8.39651329789274,3.5364278800076785,0,70
90960666,Male,25.285156996001074,8.116838960680413,1,29
97404591,Male,0.06418933217321607,3.5656194079661176,0,44
62067240,Male,26.002042272423584,6.10679811212397,1,20
47595129,Male,1.6142212769295898,3.122884935881986,0,57
86967537,Female,25.32683785854137,5.985864467873805,1,43
32641605,Female,29.43753956989465,10.594591745567344,1,59
23508274,Male,1.5693976413886284,5.236234417718316,0,24
68724846,Male,6.389592481895003,5.047550910175808,0,57
39103042,Female,17.95656569914096,9.114627884517079,1,26
72515583,Female,30.648619350798818,1.9806094041138218,1,46
54112147,Female,5.816389198494865,7.712974668215128,1,24
16517650,Male,10.877698520454546,6.841831378262502,1,43
84156108,Male,11.582866349709484,6.5680957141131,0,68
62499365,Female,2.6599283299903664,9.92428413272922,1,65
80297782,Male,19.70003937100256,0.854093300713195,0,18
92066245,Female,8.391117708013638,7.4165963681666245,1,65
16869250,Male,2.660200056751572,2.0646059036551994,0,25
72083181,Male,1.6556575038544161,5.757043915685013,0,62
64725037,Female,15.503071801717228,7.423387208572418,1,71
52095108,Male,10.446961277445585,8.866556650349084,1,43
36437355,Female,23.038230421026764,2.8196083367634537,1,49
70335600,Female,0.539402255343367,7.114888590256648,1,72
28800804,Male,7.78264751884139,8.135995848286846,1,70
83705763,Female,25.96560583466124,2.114924843519377,1,31
10945195,Female,15.171620556527687,7.735923653393431,1,19
87902782,Female,6.289996209041725,5.1043277818296655,0,57
65402311,Male,1.183214569275838,8.185346823932113,1,76
19366737,Male,28.768717969500425,6.997199429105962,1,71
96721085,Female,5.12484204705378,8.350198524241723,1,29
21464522,Female,20.512930632516653,4.386522445827081,0,56
44762082,Male,2.686449838106258,11.091273492824078,1,60
51319225,Male,5.483113422050245,5.784125710150389,0,45
56236892,Female,2.279004395503789,0.4410479015047053,0,52
54235266,Female,26.854908867107003,5.402093391862888,1,58
26381171,Female,11.230195344865027,2.5219463160805065,0,18
33613133,Male,22.246707385781097,5.796193000609373,0,61
16765401,Male,3.9860604087383082,7.203634290866062,1,43
94121758,Male,0.7703475859003738,8.931892200651358,0,26
18789787,Male,21.882862340807915,6.081329261381085,1,55
52477763,Female,7.443476009827141,2.4076579976718815,0,72
92223036,Male,21.488363468940328,1.2568153156029638,0,48
25236566,Female,9.087840796004725,0.7214452899897661,0,37
29683518,Male,13.707662760628125,1.7341928928643189,0,61
72682760,Female,4.403033514361723,3.913715763583332,0,45
98617723,Female,4.600804080571496,7.181200692169823,1,38
40868718,Male,20.897262827682486,5.117640807627697,1,59
14575129,Female,9.151326126973778,1.6325640822609209,0,61
87515907,Female,21.20593442797149,5.110119175157507,0,49
50150337,Male,7.807299865680885,7.627124984016618,1,63
71380095,Male,3.296837524696348,4.333710769835445,0,40
18172379,Female,19.694593730411718,6.580574602709814,0,64
54678344,Female,0.43005122022884734,5.581897348940732,0,34
35655007,Female,8.352820413370157,7.574166840584407,1,33
73341653,Male,1.3247838523014923,9.657237074819255,1,56
29702145,Female,24.369627276100974,6.27872541824102,1,61
87566986,Male,14.822622658938153,2.792517350655903,0,49
21701817,Female,3.1990501097614574,6.350855890972092,1,32
71103655,Male,4.388937085303877,8.722559279451785,1,70
83205211,Male,19.682860284064006,7.214302941251402,1,76
19450224,Female,19.359067433702247,8.47425814605522,1,37
22151459,Male,20.419585004824906,9.631794371166363,1,65
22909104,Male,8.026714040390223,9.033395227878183,1,69
81506522,Female,22.64524868971849,2.7870631958334022,0,19
17005373,Male,17.960977444253235,9.967543703957553,1,31
21023967,Female,7.240233772322226,6.068355513382258,0,30
15882107,Male,2.0329008817748004,5.037560136556489,0,76
28159677,Male,25.073373060733616,9.270882268972029,1,51
26502885,Female,24.915745697508115,2.522835231446789,1,72
27244351,Male,16.30543811256936,5.1135413663254665,0,35
44346643,Male,6.016784205169603,1.670147465316649,0,59
34744426,Female,21.203746618207795,9.400066212691259,1,74
26958075,Female,7.016851959411658,3.671816065035136,0,69
96209574,Male,2.128981035549201,4.872220180681074,0,47
27076571,Female,6.038225652771896,8.666810879297334,0,58
40687752,Female,24.83624690392247,5.558786033346475,1,24
23966658,Female,9.918453420116457,9.759996255173574,1,75
69697831,Female,26.445379905164256,5.30858603880065,1,42
20094516,Female,29.451206383051627,2.628245450188735,1,48
62854237,Female,12.619148257362866,3.993835880753028,1,23
44029957,Male,3.6516618141684547,10.439072804077895,1,48
97338496,Female,26.20867923632612,2.341965010286209,1,37
67879373,Female,8.413636047809185,10.3929223893933,1,23
48658816,Male,27.528123973210338,5.031000196665319,1,20
75879809,Female,4.867543354251078,2.336347272033066,0,68
33547041,Female,28.980597447860884,2.5797305077896238,1,77
38040673,Male,6.735638929386421,6.770834336070509,0,52
86563201,Male,14.928162032881293,10.185254839741653,1,54
85788428,Male,22.46268597805269,9.99848592181467,1,51
89510684,Male,1.3946022037550239,0.9384406994692619,0,69
40769498,Male,28.481121195767983,6.353631061126796,1,24
31023753,Female,27.10510789508346,9.645700467632965,1,42
52628058,Male,22.16251162006818,1.5928880743566682,0,55
70493575,Male,10.894062676175597,0.9082069187804864,0,20
73671121,Female,23.85879374493407,6.794975423750839,1,23
18866992,Female,28.022383165853633,6.245317303235762,1,20
71368345,Male,24.56268298431545,4.039037718990816,1,32
46685143,Male,32.31241305344291,2.813234867620487,1,47
40053315,Male,10.666971897308269,1.2385727983566126,0,62
82682404,Female,16.603254053171696,7.483291181879495,1,57
99350221,Male,6.954757970070494,1.9651602551990857,0,20
90459535,Male,18.539630573687052,6.643726076323187,0,45
70212507,Male,22.609594544269303,8.522984651585094,1,33
59392622,Female,23.012229140807722,3.846501993718337,1,34
80019284,Male,1.8935710705197226,3.7329944238121993,0,49
91900240,Male,22.64937337918945,3.1989505153148414,0,18
10668468,Female,12.243380205526233,7.983778659977969,1,23
64028289,Female,23.309900436353796,9.483419865009846,1,31
71310940,Male,20.792723550793585,8.349397362367409,1,22
99271225,Female,30.10268061608381,3.27862354430631,1,23
14187284,Female,15.062315228790624,5.659234783565902,1,77
25274982,Female,23.62376195493619,4.946126915118538,1,39
78731132,Female,22.80258901194225,9.828054728804634,1,34
56960497,Male,15.843003234068956,1.925216179203167,0,29
50729968,Female,3.1498984347868766,7.256214043573605,1,18
52245122,Male,23.817898851123598,10.091570106845044,1,77
20106765,Female,22.814989408836187,6.174111137652366,1,24
28007319,Female,1.2078649783463105,3.664611913346239,0,18
95132124,Female,17.674867818304822,2.443998244997879,0,24
27516974,Male,8.706158543135242,6.868420940998931,0,28
68145448,Female,28.225540665898837,0.5964406010655547,1,31
81082558,Female,29.212309965946595,2.39898589906211,1,37
23370680,Female,13.40225650567437,7.431192948753177,1,18
12702127,Female,25.018270927084046,2.9006908619016256,0,36
54609036,Female,24.27648145345143,0.45784631016961375,1,26
39445629,Female,27.884909211797716,4.872749866811114,1,59
69198247,Female,9.749432767852383,5.415083051884466,0,48
41479987,Male,9.225038991614051,5.894910394561013,0,42
21734317,Male,23.30363560860387,5.666059250345073,0,39
47780233,Female,12.755700955664423,9.06112014392604,1,73
28947380,Male,29.14479630176524,6.193420039910012,1,43
48578024,Male,1.5694293935717387,8.836970641546266,1,42
53891714,Female,19.63694809103816,5.509531231814766,0,33
18357101,Female,10.314339050458118,9.46582385746543,1,59
98690070,Female,5.36981642225159,3.419536557454571,0,27
40216680,Male,3.1774941390991507,1.172200906288018,0,42
57149641,Male,11.169605309206865,9.161965648428797,1,64
70329955,Female,5.591927762213371,7.638693271053383,1,21
77633969,Male,24.53871801051622,0.42922366732929806,1,25
31999573,Female,28.69726341984436,7.144593365341382,1,33
73907876,Male,8.66714549443794,2.7790131053164475,0,76
58169327,Male,19.413979098787998,9.25467870005706,1,73
52533087,Female,0.7331976628884098,2.5201312791757053,0,78
10994632,Female,27.63967440116544,2.548685010816236,1,77
65492537,Female,9.00851604117906,6.216576105768722,1,48
37286170,Female,20.44052132416006,5.210497202136611,0,40
59660794,Male,28.837681946636724,5.973469753341476,1,35
88651990,Female,4.088610532034103,2.6692889194045737,0,37
58862243,Female,4.778355777778633,1.0710365667714399,0,57
51824214,Female,28.207217270626,4.543740758454304,1,72
51074162,Female,30.33756031112661,6.766897524726643,1,69
12248751,Female,7.483532626951559,11.057750713130197,0,25
95378925,Female,31.730034234711418,2.254795727422354,1,60
97631549,Female,1.7234575642753671,5.802849987183013,0,33
46063148,Male,0.16393326907922545,4.446954704331445,0,36
25938366,Male,29.966855004322035,3.3025805166488684,1,28
51385415,Female,8.139609453395735,10.46893532596522,1,25
46499165,Male,19.540787043907823,7.938580488333525,1,59
67967200,Female,5.218824066793075,1.4246916962053122,0,52
16746083,Female,9.67328625350678,2.008027047442476,0,79
89747634,Female,8.88456230324774,1.1562328222605285,0,70
40463274,Female,2.901988483643022,0.6013353168865518,0,60
18016237,Female,8.573691336840552,9.30891785716881,1,22
42165047,Female,2.47603853356453,11.139692699494447,1,70
66165401,Male,13.153597302024203,8.825931102504388,1,67
74734083,Female,25.52816850358124,5.7574889706041255,1,69
41630070,Female,28.495722408324664,5.242733910006228,1,46
73365455,Female,16.58223220500572,6.1245452051956155,1,24
98213499,Female,5.455954717956599,4.309848836003738,0,57
12096673,Female,27.704597137191502,4.925053681988352,1,54
92410564,Male,18.011031414248293,5.5755846327979075,0,58
68324952,Female,13.77134255979287,1.9150728185552297,0,38
20440941,Female,29.02239646001934,2.7830594241051143,1,56
33653432,Male,22.69670531824542,1.1285702849257604,1,70
16073708,Male,18.070445731632596,3.2635445748718768,0,53
28942944,Female,28.522655535245264,0.9737548353248346,1,38
90104322,Male,16.12317447328936,10.233881885437741,1,67
18321320,Female,19.563169444663806,5.560288824986008,0,63
22216151,Male,1.5262514586530436,1.910593156485751,0,37
67478098,Male,20.58701291737467,7.427035749330693,1,18
19683831,Female,29.627992769284397,7.538835235024275,1,49
92278665,Female,26.023905478608786,3.1690039360953404,1,34
23032007,Female,20.659641671305522,3.751792142518165,0,39
64810121,Female,19.345061162215163,3.619716623888203,0,75
30434081,Male,2.348310403632541,9.053205468532735,1,50
80452873,Male,1.4113733183784634,9.59984790353998,1,42
37401862,Male,28.11040736495229,7.210902286370991,1,18
14990410,Male,28.694855062200844,3.181705468964636,1,51
11322486,Male,9.844774604536923,0.9858241041732585,0,75
22020421,Male,0.47710922640789,8.920254227841724,1,49
92331981,Female,7.195728354497535,5.18312826381647,0,73
89800671,Female,20.468281177990207,8.505223435057996,1,37
17491909,Female,15.857799840738796,8.314203851857178,0,35
12825963,Female,23.171956289257807,1.1488321176535143,1,70
17258278,Female,27.404718741571756,6.172474123987856,1,35
43845753,Male,32.086212780684846,5.407905037683498,1,62
74296389,Male,15.816663096364165,9.141709924384495,1,31
54257801,Female,2.432225683701922,7.976008338275586,1,58
49661135,Female,9.988453091311875,2.297202345928106,0,67
35226636,Male,6.965209383884108,9.101214882777226,1,23
59282438,Male,15.909511423745812,6.744289349654786,0,53
18720742,Female,8.850524430404938,4.497924373870859,0,57
58922947,Male,27.659263839160236,1.379222399663917,1,57
35457671,Female,28.9695400622014,2.5019522240269807,1,26
92795739,Male,24.30388342448264,8.117286015864256,1,39
76599441,Male,12.246688437931871,5.295666902802025,0,75
36325935,Female,1.956576545508697,5.212338805037644,0,78
68412769,Male,0.23698473756291705,0.7355620875215553,0,71
76746550,Female,6.36294049061165,6.350652482800518,0,43
50776259,Male,25.97589559960463,8.604936042151888,1,68
33347253,Male,6.39161554976156,7.954252105816643,1,59
76819863,Male,1.634009238497804,8.835191432732836,1,58
39643920,Male,27.303423952708417,5.242065205784243,0,25
18130057,Male,4.5433294069229095,5.283679041502311,0,45
58246529,Male,12.17183646643648,2.2520822751516305,0,26
78990488,Female,15.253319930465723,2.9002160278338005,0,77
63783853,Female,28.611310968337033,7.9555218633356075,1,20
42131984,Male,13.494970674507947,3.490653221708335,0,22
74051992,Female,16.771754518085363,4.984452694342931,0,20
72414774,Female,4.447809153142177,3.2462213191878346,0,18
98215136,Male,24.477208072747526,3.565112108110869,1,67
73412934,Male,27.50481732192706,4.069081828878784,1,72
97725172,Male,14.982824699065677,3.732411674864481,0,61
30212335,Male,22.27508882987007,10.04878965293688,1,37
45988822,Male,22.835369415510787,5.072410859969368,0,40
86240923,Female,24.87791523382455,2.0458722291538085,1,21
83298021,Male,9.985249346051722,2.260323185720914,0,49
64069842,Female,24.890866984919,3.837341506996186,0,46
84556324,Female,20.588774606268878,2.1162899828290036,0,78
51887738,Female,20.968732907682206,6.714071637098825,1,34
58065499,Male,5.8901318471830795,6.435844679129077,0,46
65199063,Male,4.892717651560639,6.605410820369884,0,69
82611025,Female,8.430464993475804,5.527017595103234,0,25
89542011,Female,10.11788788875227,3.5046362402584053,0,61
91646688,Female,3.139171959790894,1.4590486545254675,0,71
65507370,Male,4.585716311287519,2.5256321905982912,1,50
95132355,Female,29.088686846344224,6.607345258826805,1,39
82639107,Female,14.601285258546488,9.148229602808374,1,22
21502302,Female,14.76572401090824,8.060992861055235,0,43
19190191,Female,4.313255320703857,10.453752031073126,1,60
38898731,Male,18.27371903748434,5.578418201385258,0,50
48941368,Female,13.703121838316454,5.695260757295216,0,55
26817791,Male,22.06764499769296,9.802393634701117,1,69
19507372,Female,0.12601275092791653,8.732264517436347,1,73
31259328,Male,16.813361376273356,9.999743804191485,0,70
61392125,Male,14.964233626092394,1.9567257725453042,0,48
10034655,Female,29.072575205960913,6.714697100730534,1,19
41459469,Female,32.95103318550134,3.595818157722676,1,41
39267119,Male,2.445230971895165,8.728030746165794,1,26
14585620,Female,27.048628944459097,9.581453028880498,1,25
81019415,Male,6.468518400250513,6.671672529005653,1,55
23316756,Female,5.865823486130588,6.486675571233584,1,47
45967123,Male,6.812671333337626,1.4211938143718366,0,62
87482022,Male,1.8543843547140182,1.7350334158765852,0,74
40874883,Male,7.3887978619436945,4.62029505539086,0,61
29784065,Male,30.832374833238227,1.6699614933499096,1,20
10937171,Female,5.423125401679213,10.417395291146205,1,75
62442568,Male,9.515903675162992,1.9299175784561298,0,31
91220351,Female,27.04532204589804,1.534095699918702,1,74
32569049,Male,2.0022110077978876,1.0549806822555838,0,30
23515697,Female,27.67368327772857,5.993836434320436,1,28
99642403,Male,1.9069103914940813,5.543188832971996,0,69
44726564,Female,13.128546991671547,7.308668244024099,1,49
24444972,Female,17.530845894422498,7.380811401490902,1,57
22739302,Male,20.32551070107188,0.5603747389654671,0,18
67154566,Female,23.28016240507029,3.4890941717532735,1,50
23382400,Female,13.868623315316073,11.331769441293817,1,22
12950270,Female,11.693055561262216,5.3105203058609405,0,56
82197927,Female,23.08265829540491,7.552645830230246,0,73
80963089,Female,13.180815980939624,2.104800717103273,0,58
55172451,Female,15.302481694439358,4.198913051996679,0,47
26676244,Female,25.42026522372988,4.451704037904737,0,30
71183537,Female,12.933107786904918,7.412657571525056,1,56
61712847,Male,11.291181138469497,7.362055615592933,1,55
89098500,Female,21.487574384765345,4.2949103073527475,0,66
82786953,Female,18.55372158099976,10.019552825814214,1,23
75236027,Female,15.518007770415558,10.563595136523476,1,67
52160477,Male,27.573164020647912,5.204388962809688,1,36
22235640,Male,27.202974941516022,8.057223257492106,1,44
31466753,Female,16.937020505355687,4.614053230753613,0,34
10400313,Female,20.389212694016674,7.4753334266181115,0,79
79009483,Female,19.830736606779777,6.222066612077144,1,28
66038158,Male,27.674136678453806,8.097759012469544,0,78
40040288,Male,20.06520705054684,0.2028877924271164,0,74
32605682,Female,4.554858739224469,6.5095426299893235,1,53
70166287,Female,29.87290161151775,2.470259989499852,1,56
69180251,Female,1.141007627314036,3.2506015686682708,0,28
65158923,Female,4.207858396129484,10.335883997976556,1,27
73687971,Female,0.7322368177883808,11.024950633110299,1,46
97449207,Female,24.760180854558577,0.2812851881090124,1,34
91155110,Female,8.508769590501531,6.622331163875497,0,79
35451331,Male,6.4480557928652384,1.9753859273854104,0,24
91653665,Male,6.5244248034476255,2.3327258770164763,0,60
79730583,Female,20.506214903449052,9.646543934732245,1,57
82440008,Female,10.248027680166953,11.783972266322692,1,23
20085844,Female,14.03090342158241,9.385634822150156,1,74
32240992,Female,8.956790374174808,5.366546778743078,0,44
81524458,Female,27.616930553053507,1.2363281656268583,1,27
45374555,Female,24.50677465377896,0.01581394030186234,1,53
84686893,Female,6.140019336978627,5.138891604070261,0,50
50133231,Female,24.86071237127458,10.53001692978691,0,79
92263961,Female,0.32048059624409797,3.882253466179841,0,68
87381868,Male,29.696420615636715,4.57791191970389,1,28
43037431,Female,21.643264132584182,2.900852507270926,0,72
88751716,Male,13.101757560524245,9.267978935111602,1,25
67505807,Female,14.192116147141393,1.0211096880834445,0,55
20773053,Male,10.015310774386629,9.297396197265714,1,74
55119944,Male,13.665158944822117,0.864331807303678,0,50
87144117,Female,27.468041198576444,2.632536028712255,1,44
60416224,Female,0.6984587109807272,2.7334453528858824,1,20
13281234,Male,15.329128347354207,3.2104052055975294,1,61
58624920,Female,16.88648658637479,7.804567862797402,1,45
89179482,Male,25.92126557426458,3.310538496302275,1,60
17086980,Female,17.45208753403396,1.6129327558744166,0,71
41219017,Female,20.097254701434732,3.8544573031905816,0,42
92180818,Male,29.47858702255043,3.1839902924661323,0,19
32826072,Male,10.827049605848323,1.1544931047632945,0,60
12345164,Male,12.098166539342234,5.470301767773817,0,42
42665367,Female,22.401359682783465,5.870636591060448,0,35
64566406,Female,10.812551622491227,2.664712429268419,0,33
18560174,Female,12.281344657899348,0.9401708130093218,1,65
23579630,Female,29.2318771368147,7.229573706474234,1,78
52973267,Male,24.36026884469711,3.5100964698637336,1,76
79277528,Female,14.80052391013225,8.385458724912331,1,55
52728990,Male,17.881048219914067,2.6489735869517173,0,79
82056675,Female,23.84479560356969,8.528120423646804,1,42
42784242,Male,15.55726747353895,3.3760180922103276,0,47
61504073,Female,3.429083529485074,5.913910122871885,0,65
61711026,Female,21.970715510899275,10.082883957737925,1,24
21078017,Female,11.667569638873685,9.729957422684304,1,29
57977104,Female,11.545973951641987,1.891174490624712,0,55
61277608,Female,25.865380335340774,5.0240080853397515,1,58
11713119,Female,0.876762637795439,5.520346301952078,0,62
44990174,Female,24.60827794171849,2.0211898046752235,1,37
24920741,Male,9.390460088238509,7.4002127433156915,1,61
58200764,Male,14.543958850646593,2.061194306476478,0,46
20499015,Female,0.607718429687636,6.91763908724803,0,66
84943939,Female,7.4415945676432464,7.548349820366501,1,70
96761976,Male,4.607622896610435,7.966952807409142,1,57
10850127,Female,3.659478527632621,8.047694795261341,1,37
94600702,Male,27.85016456401437,4.302164137971807,1,54
78654418,Male,16.643736107711977,7.220270390881762,1,49
70249686,Male,18.755970565921608,3.646834729564565,0,40
18433257,Male,17.468021723576797,5.326755158464816,0,41
86110253,Male,24.168607085765395,4.089736747185145,1,18
56563344,Male,22.806836695640968,3.7634295858402456,1,75
18900180,Female,5.361402698404811,5.447020711422548,0,70
89101393,Female,24.118173453135082,5.931627876253896,1,38
38805003,Male,5.31917369782183,5.874537544151584,0,65
79862550,Female,7.346323118120842,8.183437464128605,1,65
62365516,Male,11.35112073531898,6.922435993910627,0,71
20871465,Male,3.9657547519066676,7.213935084707531,1,37
49581432,Male,23.314519589421664,6.529529753032729,0,52
87510325,Male,21.391155348455307,0.5211398489610983,0,75
39078991,Female,3.2059609263813678,8.586184565653443,1,20
41449197,Male,16.115202198937283,7.183578234759315,1,22
42325573,Female,14.45797268795969,4.396794557940912,0,55
34375746,Male,4.662359641495007,8.402828864271957,1,48
89945328,Male,19.244399740147053,2.4873435219702107,0,57
62379449,Male,0.9815043463952646,9.371120879976324,1,67
68755441,Male,6.1708584681325656,5.032053990104103,0,23
92396093,Female,10.564494497117167,1.8906767348454678,0,41
89655469,Male,0.9474964728501882,6.093738254245616,0,34
98688501,Female,25.522269496924544,8.335851059986025,1,30
22267195,Female,24.696650368785377,1.2675539067591828,1,74
38630951,Female,21.072574989177454,1.9226372063012684,0,37
41606663,Male,8.605566163670339,10.303264133664573,1,65
56111085,Male,21.047336968037477,3.431200097040887,0,44
46907284,Female,22.019641631381997,10.150107635081408,0,74
37186873,Female,22.5834685509097,4.533807576094993,0,79
25925818,Female,16.638127567355035,8.487238422275862,1,29
13126722,Male,11.766427715157459,4.151004328917712,0,19
79318277,Female,1.0034103131591254,1.1016118441649767,0,40
32633892,Male,5.401148327255644,9.043117705359716,1,52
11739427,Female,23.273901226578467,7.4332515489657744,1,29
84923033,Male,0.8228765006549157,4.950258682239085,0,47
29075601,Male,8.158473345596502,3.8001649406866385,0,65
48473069,Female,17.88473299196867,6.769497499060382,0,58
40005318,Male,20.054228931216596,5.785099186834878,0,75
94583928,Female,5.205634907499864,4.056655274350592,1,79
15492855,Female,26.469711165288622,2.372669542895685,1,57
75362408,Male,30.516506046804004,6.6354301100298025,1,31
31179381,Female,26.84755148193681,8.521733592929293,0,70
42832710,Female,11.28707632486427,6.965068073821866,1,22
61098083,Male,3.7329013593784857,11.974536961996211,1,76
36796874,Male,23.708359784485538,8.42841123394809,1,49
91185817,Female,11.37315619935638,4.020887365573152,0,24
92769530,Male,5.404706155484448,8.866027492364706,1,72
91517624,Female,19.640274741518745,7.410778419184548,1,74
71294252,Female,4.301886753425594,7.457694339250945,1,20
54541062,Male,20.569953964517207,9.341962329217159,1,74
66697592,Male,5.314102431702829,5.377938049026851,0,21
29679408,Female,4.728295795339127,6.116512795198826,0,70
73430836,Female,26.62436383762214,8.365722125427123,1,35
33711650,Male,21.564008795318824,1.0352548316412933,0,26
65717989,Female,3.4130553497872635,2.8158657214811154,0,22
74868080,Female,10.637892820565245,5.177819412450553,0,58
33049736,Male,18.235746003366017,6.830683669115852,1,77
78762811,Female,19.374514211425527,7.802991184976577,0,62
92142511,Male,7.95839460720989,7.592937730448173,1,70
38572411,Female,8.88595179410911,2.549717969822166,0,53
66396376,Male,13.944185441393946,8.296858104883373,1,29
49480678,Female,32.51408184895193,2.0158634200285555,1,45
38254715,Female,7.719411449146638,7.486933284025355,1,61
47231170,Female,11.969005198861378,10.567084892766875,1,32
58231433,Female,23.14581532306831,4.410819745649348,0,37
76860357,Female,22.813847965836942,9.287692625935952,1,39
18722989,Female,21.628315535031003,2.260606190115165,1,19
13840658,Male,21.911205683551252,3.1374648432118017,0,28
51106359,Male,2.893223671028018,3.8201675256293406,0,35
64890754,Female,20.483781463569493,10.444199453392008,1,20
74169544,Female,15.76371854909029,5.041888641739211,1,62
18435092,Female,19.706150366509057,1.758518264688378,0,25
78685249,Female,12.109854490274245,10.986881815817181,1,70
14978229,Female,4.142131052469038,8.444617521128178,1,49
44788097,Male,19.31704743266552,4.100961099055241,0,63
91744374,Male,14.598341131134292,3.420818606193442,0,47
29030954,Female,13.730871776402594,4.230773331835143,0,22
31375849,Female,21.37884886555728,8.667774137828864,1,45
73950400,Female,32.594180212843014,0.07948089331703789,1,52
51702013,Female,15.264213715972875,2.5353180542622793,0,24
14457491,Male,8.022048577240293,8.426003281565654,1,77
63943387,Male,21.850664897074896,1.8186960103103338,0,64
71847896,Female,1.2236705658399376,10.681784197997619,1,63
30185561,Female,13.998947635713781,4.1503225877872625,0,28
62382069,Female,23.098750780192177,3.057546624448623,0,39
32907643,Female,18.163138908527905,5.527755055087726,0,66
59791411,Male,28.72244624554764,5.632306922804139,1,30
67950352,Female,3.237395469270242,7.090281019128051,1,52
78465794,Male,2.207167183483717,7.500482360593085,1,76
79959270,Female,26.179073621615274,2.9987401610822766,1,20
99598927,Male,20.185106933872667,8.559250851238131,1,31
72305057,Male,18.25349498808849,2.0460882005245846,0,63
35941261,Female,6.043359616729351,1.8793823156303215,0,36
84138312,Female,22.251930307599665,10.008932066023668,1,48
30306371,Female,16.737359820865734,9.07694334784195,1,69
86222543,Male,19.27571799108532,7.304027194118287,1,26
89385860,Male,2.660749399784989,0.3724279331236948,0,18
86350774,Male,6.9269506716163125,7.916399868944717,1,66
71764554,Female,7.848051187431171,0.2755493776100648,0,40
70580053,Male,25.8829183847125,5.380441336692932,1,21
49419213,Female,27.816272220282244,7.090133000771138,1,48
96547079,Female,8.539313280888509,9.28747067968206,1,43
61428950,Male,16.66289769585272,4.385896876123418,0,21
25827712,Female,8.372860187690108,1.4451302781494895,0,70
37586974,Female,30.931085259127904,8.915185805679608,1,62
21795634,Female,32.00755985936181,4.508492424234083,1,72
36260382,Male,2.142273847457203,5.995516370582424,0,69
13601556,Female,9.01945118529191,2.2339025500217615,0,38
58348443,Male,3.0025203739511674,7.536802082337684,1,33
73218012,Female,4.483574566095147,5.118634173352256,0,44
57326703,Male,21.455859757861827,5.588498007715177,0,70
78599586,Female,20.685262898507396,8.902910863678407,1,53
30760636,Female,4.287093380763187,4.914561178748491,0,20
65766704,Male,20.19465826320202,2.5300162873158745,0,30
18539812,Male,31.554541276910733,0.11656960738199151,1,50
39478444,Female,0.9457791806362539,5.247927483119742,0,78
26361969,Female,1.7112767529626627,4.290186459657539,0,30
46310439,Female,6.407230632891814,5.607129553504834,1,23
38907008,Female,24.135935390591655,8.202675386707288,0,69
77481455,Female,8.760762489961415,9.202746358445813,1,58
56218042,Male,28.00444789587,6.272873576900899,1,74
82114801,Male,28.184477847891962,0.04424206496089966,1,36
70832200,Female,15.843282340522904,7.8584116414162155,1,66
62799619,Male,16.363775328989313,1.8716845905054635,0,56
46646079,Male,14.590026800215842,8.82587853285428,1,42
68693687,Female,6.039475457999484,9.080677842973268,1,30
76400626,Male,29.849914740166668,9.988193918757945,1,73
70571864,Male,28.094365942217088,7.366285069009712,1,24
27729446,Male,6.985168804502477,2.6056440054403547,0,60
12029414,Female,19.56501997422439,3.9711215634735346,0,42
30671415,Male,2.890975845203229,7.536981723996242,1,30
57634955,Male,2.6457674628605226,9.264383747192323,1,64
25711140,Male,17.411833868940082,3.1259852432411543,0,62
53832603,Male,27.156063730095063,5.032080362972385,1,38
11812306,Female,20.62431712584096,11.643216544832953,1,52
58464168,Female,12.918776723936388,10.716960998129732,1,65
44827588,Female,2.715775412333758,7.934562508214492,0,77
50679043,Female,0.8418205961678895,5.615180940094338,0,63
61799937,Male,16.055705330988843,1.7710534189950085,0,69
61155558,Female,1.5568082047145728,2.00011183146471,0,55
74559207,Female,18.23532181931854,1.107616515416081,0,21
56053637,Male,3.6467194835188055,1.2263168312588095,0,69
81537592,Female,18.607403674250513,7.495138977526675,1,78
12691729,Male,28.135754022069534,0.405436430517244,1,40
79807118,Female,13.117594247617246,9.471500965158965,1,64
92339700,Male,4.661873858258,7.692073632104956,1,45
95856391,Male,7.091110988268877,8.911407386261324,1,55
81856951,Male,0.9657937450375769,2.876227638284336,0,41
64793766,Male,17.77588600227134,5.815815182394633,0,67
21729167,Male,28.85323545636482,8.148561861299237,1,19
73627914,Male,28.654703445467284,0.5959903816121719,1,75
86862102,Male,28.751324352229354,6.001654547322702,1,48
58597631,Female,12.96368665993468,1.0623367614585286,0,67
28189725,Male,18.411947976837027,8.448212749815497,1,79
84273312,Female,20.840232181816212,3.7356310596268427,0,23
74160490,Female,9.414436124634454,5.8037965639036475,0,75
13171160,Female,23.489835723190218,2.695895246430986,0,46
40011029,Male,17.6424447305036,0.4425722803633496,0,71
24290209,Male,10.10403321788404,1.6534614662372942,0,41
41639404,Female,24.16158541692139,9.36817807647611,1,35
44943387,Male,22.092112980707565,3.42823933788027,0,69
73970385,Male,24.56697325394098,2.8365979096249174,1,28
20276078,Male,10.32957759893596,6.389565003377843,0,55
18047476,Male,26.4906152033265,5.328207922781451,1,60
28129247,Female,0.31390216673880555,10.256635604009698,1,41
61336901,Male,23.699904096402935,7.277790686562034,1,42
47111013,Female,20.35061795717343,7.494432507960623,1,38
49083768,Female,10.7253043057704,5.849911308258514,0,51
20929071,Male,6.08843624541813,0.7857818259550495,0,35
94159130,Female,27.885029086155996,7.619929376253976,1,30
79107979,Male,6.895929247285602,2.684987641646318,0,78
11082880,Female,2.2632396144207707,1.8117947326756756,0,43
63353730,Female,23.699267381008504,9.44449782786254,1,68
48549184,Male,23.780212553296494,2.143554108604684,0,37
78119534,Female,12.819063414898265,7.353130364730975,1,19
92153419,Male,26.705885259909856,9.314421112812635,1,34
99907487,Female,0.8670010414151275,8.505872777756615,1,28
72108190,Female,13.769400189833595,2.0775343003400986,0,27
57481653,Female,14.888414956197067,4.854391705771718,0,35
73990780,Male,15.580138266068856,1.9005725461320475,0,26
12668636,Male,22.58403970960284,2.610463825449377,0,32
50942689,Female,17.467972202133474,3.6087827510453727,0,59
59248676,Male,1.0188318273436865,3.6666542682248022,1,20
68795007,Male,18.78485790273867,1.2679733556263657,0,79
70142786,Female,13.231926514536003,6.423716392856784,0,37
61109569,Male,30.69604759762861,7.217929948763506,1,57
21953928,Male,5.546480371827272,10.329617746091449,1,75
51793668,Male,3.745329940881427,1.6360265987010107,0,20
95903002,Male,22.006512302335757,5.361611983935929,0,53
62228251,Female,32.71058686706419,8.755883433682198,1,52
29511063,Male,15.830870737619255,1.094784769250875,0,22
72894993,Male,22.10948939279057,4.460418533719334,0,18
51413379,Male,24.01417787702339,9.959343415368933,1,60
26871904,Female,7.3896542943291506,5.4131395036209895,1,39
58872496,Female,1.3657004481726287,9.833087806225326,1,29
36547272,Female,26.712449904874358,9.673197674916226,1,76
77142438,Female,16.154246174741747,6.012927482517517,1,77
13901438,Male,18.887967677479566,5.690072148801174,0,52
21097408,Male,7.960627101509275,2.837237784606083,0,28
16669827,Male,26.940946822814286,1.8939292617575436,1,51
36724342,Male,2.1884198247797744,5.837321656749596,0,29
89244677,Male,25.116772365696292,4.019829810438456,1,26
43465062,Male,20.621343503517327,3.6227980191062823,0,59
57648650,Male,8.811343571226814,4.169450713204623,0,24
10775008,Female,12.165215701898482,10.601166723688337,1,60
60767398,Male,17.034294834064095,11.48412663545653,1,52
85234470,Female,31.42820341696157,10.656411005532805,1,71
74735257,Female,13.77380428050019,6.099833554421721,0,67
22230234,Female,2.4655262476887305,0.8314636154516357,0,36
58534782,Female,3.2848430359736964,1.89751892132412,0,74
90330550,Female,5.0359963877041345,4.252738062895917,0,22
22221191,Male,10.30486352431011,1.6300310662096202,0,64
47767460,Male,5.171180047109985,8.233951870830818,1,21
96006077,Female,5.536519350906798,1.0779826129665815,0,25
87274232,Female,5.896226735238651,4.569174628421752,0,35
10924876,Female,19.687946443092674,9.759381175023268,1,32
72364683,Male,4.9196907168071595,9.165474158057533,1,65
17438731,Male,25.314986445293258,2.604054085318198,1,57
90193384,Female,22.832474205020254,3.973376173126005,0,18
68737666,Male,12.346843032866104,3.454606255028915,0,74
78164687,Male,2.5185819763688855,5.407108218816138,0,54
53539151,Female,1.383131378121253,6.71201589541915,0,40
30333258,Female,10.353724101826622,5.431531690829633,0,66
54627723,Male,8.304596308456107,10.420590709761374,1,21
27909070,Male,8.431458457589214,4.951368672235555,0,44
26987323,Female,16.78123469799371,9.84479952199441,1,73
80492006,Female,25.41706409809357,2.1461343045627883,0,24
40112566,Male,15.785762577085542,5.196192141853494,0,76
95427002,Female,27.155029090351885,6.17777276499699,1,25
17201672,Female,30.20953917963255,7.886234129174629,1,47
37500149,Female,20.665554490869393,7.5116687525763135,0,70
